Customer_ID,Age,Gender,City,Region,Income
C0001,57,Male,Lagos,South West,650813
C0002,62,Female,Abuja,North West,978548
C0003,50,Male,Port Harcourt,North East,529457
C0004,32,Female,Ibadan,South East,170924
C0005,54,Male,Owerri,South South,831342
C0006,31,Female,Lagos,South West,275146
C0007,29,Male,Abuja,North West,945171
C0008,52,Female,Port Harcourt,North East,331742
C0009,52,Male,Ibadan,South East,198008
C0010,55,Female,Owerri,South South,411470
C0011,55,Male,Lagos,South West,238394
C0012,26,Female,Abuja,North West,121033
C0013,62,Male,Port Harcourt,North East,278756
C0014,58,Female,Ibadan,South East,520442
C0015,44,Male,Owerri,South South,672668
C0016,49,Female,Lagos,South West,366728
C0017,18,Male,Abuja,North West,532829
C0018,52,Female,Port Harcourt,North East,352435
C0019,30,Male,Ibadan,South East,837366
C0020,46,Female,Owerri,South South,176515
C0021,48,Male,Lagos,South West,384096
C0022,26,Female,Abuja,North West,277340
C0023,40,Male,Port Harcourt,North East,469685
C0024,51,Female,Ibadan,South East,453298
C0025,39,Male,Owerri,South South,469738
C0026,28,Female,Lagos,South West,447039
C0027,21,Male,Abuja,North West,948491
C0028,65,Female,Port Harcourt,North East,693499
C0029,57,Male,Ibadan,South East,305254
C0030,62,Female,Owerri,South South,577974
C0031,55,Male,Lagos,South West,586010
C0032,54,Female,Abuja,North West,315301
C0033,51,Male,Port Harcourt,North East,171967
C0034,25,Female,Ibadan,South East,817602
C0035,23,Male,Owerri,South South,249571
C0036,60,Female,Lagos,South West,754647
C0037,64,Male,Abuja,North West,182693
C0038,38,Female,Port Harcourt,North East,889063
C0039,58,Male,Ibadan,South East,260897
C0040,51,Female,Owerri,South South,222249
C0041,27,Male,Lagos,South West,512270
C0042,36,Female,Abuja,North West,309806
C0043,53,Male,Port Harcourt,North East,534887
C0044,33,Female,Ibadan,South East,481313
C0045,25,Male,Owerri,South South,250531
C0046,53,Female,Lagos,South West,228261
C0047,50,Male,Abuja,North West,826717
C0048,27,Female,Port Harcourt,North East,942422
C0049,29,Male,Ibadan,South East,569099
C0050,19,Female,Owerri,South South,884385
C0051,28,Male,Lagos,South West,623953
C0052,58,Female,Abuja,North West,766083
C0053,22,Male,Port Harcourt,North East,936274
C0054,52,Female,Ibadan,South East,155994
C0055,26,Male,Owerri,South South,647073
C0056,57,Female,Lagos,South West,587147
C0057,43,Male,Abuja,North West,233783
C0058,53,Female,Port Harcourt,North East,962001
C0059,50,Male,Ibadan,South East,166643
C0060,24,Female,Owerri,South South,104813
C0061,34,Male,Lagos,South West,922774
C0062,52,Female,Abuja,North West,604141
C0063,64,Male,Port Harcourt,North East,928426
C0064,23,Female,Ibadan,South East,481578
C0065,37,Male,Owerri,South South,405338
C0066,47,Female,Lagos,South West,238671
C0067,63,Male,Abuja,North West,580603
C0068,31,Female,Port Harcourt,North East,433797
C0069,42,Male,Ibadan,South East,527648
C0070,30,Female,Owerri,South South,230201
C0071,36,Male,Lagos,South West,572025
C0072,50,Female,Abuja,North West,896310
C0073,23,Male,Port Harcourt,North East,933858
C0074,26,Female,Ibadan,South East,231735
C0075,22,Male,Owerri,South South,416502
C0076,20,Female,Lagos,South West,571337
C0077,38,Male,Abuja,North West,670455
C0078,25,Female,Port Harcourt,North East,541194
C0079,45,Male,Ibadan,South East,761913
C0080,42,Female,Owerri,South South,946078
C0081,27,Male,Lagos,South West,893649
C0082,35,Female,Abuja,North West,705900
C0083,60,Male,Port Harcourt,North East,775625
C0084,53,Female,Ibadan,South East,853639
C0085,64,Male,Owerri,South South,332356
C0086,40,Female,Lagos,South West,986269
C0087,23,Male,Abuja,North West,690873
C0088,63,Female,Port Harcourt,North East,964283
C0089,26,Male,Ibadan,South East,680108
C0090,31,Female,Owerri,South South,977004
C0091,44,Male,Lagos,South West,953080
C0092,22,Female,Abuja,North West,561298
C0093,59,Male,Port Harcourt,North East,543328
C0094,29,Female,Ibadan,South East,103420
C0095,29,Male,Owerri,South South,305254
C0096,34,Female,Lagos,South West,382775
C0097,29,Male,Abuja,North West,200918
C0098,61,Female,Port Harcourt,North East,343889
C0099,50,Male,Ibadan,South East,944627
C0100,57,Female,Owerri,South South,433520
C0101,23,Male,Lagos,South West,931448
C0102,46,Female,Abuja,North West,202876
C0103,19,Male,Port Harcourt,North East,515112
C0104,43,Female,Ibadan,South East,156971
C0105,32,Male,Owerri,South South,481156
C0106,29,Female,Lagos,South West,411388
C0107,25,Male,Abuja,North West,834593
C0108,37,Female,Port Harcourt,North East,505325
C0109,44,Male,Ibadan,South East,142045
C0110,52,Female,Owerri,South South,546770
C0111,53,Male,Lagos,South West,210382
C0112,42,Female,Abuja,North West,558493
C0113,55,Male,Port Harcourt,North East,301216
C0114,34,Female,Ibadan,South East,881452
C0115,19,Male,Owerri,South South,500409
C0116,56,Female,Lagos,South West,192961
C0117,57,Male,Abuja,North West,209525
C0118,31,Female,Port Harcourt,North East,577050
C0119,37,Male,Ibadan,South East,518001
C0120,25,Female,Owerri,South South,262434
C0121,48,Male,Lagos,South West,403953
C0122,54,Female,Abuja,North West,120582
C0123,38,Male,Port Harcourt,North East,364119
C0124,20,Female,Ibadan,South East,157265
C0125,36,Male,Owerri,South South,445857
C0126,61,Female,Lagos,South West,579064
C0127,18,Male,Abuja,North West,140440
C0128,52,Female,Port Harcourt,North East,144471
C0129,44,Male,Ibadan,South East,251653
C0130,56,Female,Owerri,South South,362011
C0131,24,Male,Lagos,South West,302733
C0132,58,Female,Abuja,North West,963326
C0133,48,Male,Port Harcourt,North East,428693
C0134,31,Female,Ibadan,South East,505745
C0135,27,Male,Owerri,South South,173944
C0136,50,Female,Lagos,South West,695861
C0137,42,Male,Abuja,North West,907528
C0138,65,Female,Port Harcourt,North East,153886
C0139,43,Male,Ibadan,South East,611046
C0140,53,Female,Owerri,South South,765385
C0141,54,Male,Lagos,South West,661710
C0142,20,Female,Abuja,North West,933826
C0143,24,Male,Port Harcourt,North East,275742
C0144,28,Female,Ibadan,South East,499476
C0145,31,Male,Owerri,South South,177028
C0146,18,Female,Lagos,South West,295679
C0147,27,Male,Abuja,North West,856783
C0148,62,Female,Port Harcourt,North East,171608
C0149,27,Male,Ibadan,South East,915356
C0150,30,Female,Owerri,South South,635680
C0151,20,Male,Lagos,South West,202207
C0152,21,Female,Abuja,North West,617782
C0153,29,Male,Port Harcourt,North East,199304
C0154,52,Female,Ibadan,South East,296346
C0155,19,Male,Owerri,South South,332841
C0156,59,Female,Lagos,South West,195591
C0157,60,Male,Abuja,North West,536192
C0158,38,Female,Port Harcourt,North East,672277
C0159,46,Male,Ibadan,South East,984536
C0160,51,Female,Owerri,South South,261012
C0161,20,Male,Lagos,South West,478110
C0162,37,Female,Abuja,North West,267568
C0163,52,Male,Port Harcourt,North East,487497
C0164,53,Female,Ibadan,South East,227651
C0165,65,Male,Owerri,South South,821657
C0166,44,Female,Lagos,South West,720995
C0167,56,Male,Abuja,North West,400340
C0168,21,Female,Port Harcourt,North East,525590
C0169,59,Male,Ibadan,South East,662732
C0170,56,Female,Owerri,South South,399966
C0171,19,Male,Lagos,South West,970180
C0172,48,Female,Abuja,North West,522882
C0173,43,Male,Port Harcourt,North East,234356
C0174,41,Female,Ibadan,South East,839900
C0175,39,Male,Owerri,South South,820949
C0176,44,Female,Lagos,South West,359198
C0177,37,Male,Abuja,North West,477087
C0178,20,Female,Port Harcourt,North East,819083
C0179,56,Male,Ibadan,South East,563500
C0180,33,Female,Owerri,South South,193099
C0181,58,Male,Lagos,South West,130598
C0182,45,Female,Abuja,North West,765113
C0183,50,Male,Port Harcourt,North East,695280
C0184,57,Female,Ibadan,South East,620748
C0185,22,Male,Owerri,South South,386839
C0186,64,Female,Lagos,South West,696114
C0187,36,Male,Abuja,North West,608218
C0188,29,Female,Port Harcourt,North East,907313
C0189,46,Male,Ibadan,South East,369534
C0190,43,Female,Owerri,South South,214906
C0191,37,Male,Lagos,South West,987546
C0192,59,Female,Abuja,North West,582067
C0193,61,Male,Port Harcourt,North East,181306
C0194,35,Female,Ibadan,South East,741668
C0195,48,Male,Owerri,South South,555574
C0196,42,Female,Lagos,South West,540625
C0197,41,Male,Abuja,North West,959536
C0198,18,Female,Port Harcourt,North East,790961
C0199,24,Male,Ibadan,South East,302338
C0200,34,Female,Owerri,South South,214547
C0201,34,Male,Lagos,South West,930902
C0202,34,Female,Abuja,North West,945483
C0203,57,Male,Port Harcourt,North East,496732
C0204,46,Female,Ibadan,South East,862886
C0205,56,Male,Owerri,South South,980099
C0206,29,Female,Lagos,South West,431244
C0207,51,Male,Abuja,North West,596302
C0208,34,Female,Port Harcourt,North East,992516
C0209,37,Male,Ibadan,South East,597406
C0210,45,Female,Owerri,South South,955242
C0211,23,Male,Lagos,South West,545226
C0212,53,Female,Abuja,North West,924654
C0213,59,Male,Port Harcourt,North East,591162
C0214,43,Female,Ibadan,South East,871056
C0215,25,Male,Owerri,South South,428020
C0216,38,Female,Lagos,South West,859490
C0217,25,Male,Abuja,North West,624075
C0218,43,Female,Port Harcourt,North East,834242
C0219,51,Male,Ibadan,South East,262839
C0220,47,Female,Owerri,South South,738097
C0221,49,Male,Lagos,South West,592283
C0222,43,Female,Abuja,North West,799544
C0223,38,Male,Port Harcourt,North East,750798
C0224,45,Female,Ibadan,South East,640312
C0225,42,Male,Owerri,South South,446850
C0226,27,Female,Lagos,South West,363326
C0227,43,Male,Abuja,North West,780767
C0228,26,Female,Port Harcourt,North East,475126
C0229,28,Male,Ibadan,South East,885385
C0230,18,Female,Owerri,South South,377539
C0231,24,Male,Lagos,South West,621537
C0232,31,Female,Abuja,North West,493872
C0233,51,Male,Port Harcourt,North East,592344
C0234,24,Female,Ibadan,South East,864555
C0235,23,Male,Owerri,South South,884606
C0236,49,Female,Lagos,South West,966829
C0237,60,Male,Abuja,North West,818015
C0238,20,Female,Port Harcourt,North East,805567
C0239,59,Male,Ibadan,South East,285903
C0240,64,Female,Owerri,South South,575894
C0241,39,Male,Lagos,South West,616720
C0242,45,Female,Abuja,North West,877525
C0243,31,Male,Port Harcourt,North East,729053
C0244,52,Female,Ibadan,South East,674290
C0245,58,Male,Owerri,South South,929500
C0246,54,Female,Lagos,South West,649246
C0247,41,Male,Abuja,North West,465116
C0248,20,Female,Port Harcourt,North East,417332
C0249,51,Male,Ibadan,South East,188823
C0250,33,Female,Owerri,South South,338411
C0251,64,Male,Lagos,South West,502597
C0252,62,Female,Abuja,North West,900037
C0253,63,Male,Port Harcourt,North East,689199
C0254,53,Female,Ibadan,South East,961569
C0255,62,Male,Owerri,South South,395839
C0256,19,Female,Lagos,South West,887834
C0257,61,Male,Abuja,North West,405732
C0258,44,Female,Port Harcourt,North East,782246
C0259,38,Male,Ibadan,South East,321884
C0260,44,Female,Owerri,South South,141160
C0261,59,Male,Lagos,South West,632858
C0262,56,Female,Abuja,North West,174640
C0263,29,Male,Port Harcourt,North East,213705
C0264,26,Female,Ibadan,South East,290924
C0265,31,Male,Owerri,South South,557384
C0266,47,Female,Lagos,South West,311792
C0267,52,Male,Abuja,North West,742132
C0268,46,Female,Port Harcourt,North East,832873
C0269,20,Male,Ibadan,South East,963107
C0270,40,Female,Owerri,South South,940543
C0271,19,Male,Lagos,South West,596241
C0272,47,Female,Abuja,North West,332629
C0273,27,Male,Port Harcourt,North East,618734
C0274,54,Female,Ibadan,South East,121170
C0275,57,Male,Owerri,South South,653499
C0276,22,Female,Lagos,South West,771985
C0277,22,Male,Abuja,North West,468036
C0278,59,Female,Port Harcourt,North East,760013
C0279,56,Male,Ibadan,South East,240214
C0280,23,Female,Owerri,South South,588985
C0281,62,Male,Lagos,South West,306005
C0282,36,Female,Abuja,North West,946587
C0283,21,Male,Port Harcourt,North East,314231
C0284,63,Female,Ibadan,South East,860517
C0285,32,Male,Owerri,South South,226707
C0286,19,Female,Lagos,South West,847941
C0287,49,Male,Abuja,North West,945178
C0288,50,Female,Port Harcourt,North East,998148
C0289,62,Male,Ibadan,South East,465057
C0290,59,Female,Owerri,South South,628913
C0291,33,Male,Lagos,South West,562013
C0292,25,Female,Abuja,North West,576976
C0293,25,Male,Port Harcourt,North East,436515
C0294,27,Female,Ibadan,South East,391845
C0295,52,Male,Owerri,South South,295209
C0296,60,Female,Lagos,South West,601671
C0297,49,Male,Abuja,North West,220760
C0298,46,Female,Port Harcourt,North East,188448
C0299,45,Male,Ibadan,South East,453491
C0300,37,Female,Owerri,South South,562370
C0301,38,Male,Lagos,South West,252095
C0302,41,Female,Abuja,North West,382215
C0303,31,Male,Port Harcourt,North East,978395
C0304,31,Female,Ibadan,South East,577111
C0305,29,Male,Owerri,South South,104924
C0306,63,Female,Lagos,South West,540402
C0307,40,Male,Abuja,North West,641759
C0308,33,Female,Port Harcourt,North East,506722
C0309,31,Male,Ibadan,South East,247840
C0310,43,Female,Owerri,South South,507089
C0311,32,Male,Lagos,South West,581911
C0312,27,Female,Abuja,North West,687755
C0313,37,Male,Port Harcourt,North East,383047
C0314,44,Female,Ibadan,South East,851753
C0315,55,Male,Owerri,South South,795267
C0316,60,Female,Lagos,South West,539085
C0317,41,Male,Abuja,North West,947330
C0318,33,Female,Port Harcourt,North East,668303
C0319,39,Male,Ibadan,South East,788662
C0320,24,Female,Owerri,South South,611567
C0321,29,Male,Lagos,South West,480870
C0322,18,Female,Abuja,North West,859024
C0323,61,Male,Port Harcourt,North East,389242
C0324,56,Female,Ibadan,South East,862565
C0325,42,Male,Owerri,South South,368409
C0326,20,Female,Lagos,South West,325694
C0327,32,Male,Abuja,North West,379263
C0328,37,Female,Port Harcourt,North East,601489
C0329,30,Male,Ibadan,South East,788344
C0330,51,Female,Owerri,South South,917963
C0331,31,Male,Lagos,South West,111214
C0332,32,Female,Abuja,North West,187384
C0333,46,Male,Port Harcourt,North East,859431
C0334,45,Female,Ibadan,South East,749878
C0335,43,Male,Owerri,South South,722280
C0336,21,Female,Lagos,South West,863146
C0337,63,Male,Abuja,North West,493043
C0338,44,Female,Port Harcourt,North East,348982
C0339,38,Male,Ibadan,South East,533233
C0340,48,Female,Owerri,South South,673722
C0341,33,Male,Lagos,South West,779773
C0342,31,Female,Abuja,North West,722647
C0343,65,Male,Port Harcourt,North East,633337
C0344,22,Female,Ibadan,South East,210891
C0345,28,Male,Owerri,South South,482425
C0346,22,Female,Lagos,South West,961344
C0347,31,Male,Abuja,North West,756852
C0348,30,Female,Port Harcourt,North East,107574
C0349,43,Male,Ibadan,South East,516383
C0350,65,Female,Owerri,South South,150025
C0351,47,Male,Lagos,South West,528283
C0352,63,Female,Abuja,North West,370779
C0353,59,Male,Port Harcourt,North East,132132
C0354,40,Female,Ibadan,South East,811971
C0355,57,Male,Owerri,South South,711933
C0356,57,Female,Lagos,South West,349999
C0357,34,Male,Abuja,North West,588953
C0358,43,Female,Port Harcourt,North East,893565
C0359,54,Male,Ibadan,South East,896189
C0360,39,Female,Owerri,South South,966467
C0361,34,Male,Lagos,South West,898105
C0362,60,Female,Abuja,North West,271023
C0363,37,Male,Port Harcourt,North East,873752
C0364,55,Female,Ibadan,South East,423309
C0365,49,Male,Owerri,South South,822345
C0366,30,Female,Lagos,South West,320923
C0367,43,Male,Abuja,North West,723605
C0368,62,Female,Port Harcourt,North East,319568
C0369,55,Male,Ibadan,South East,699052
C0370,32,Female,Owerri,South South,942137
C0371,22,Male,Lagos,South West,669812
C0372,38,Female,Abuja,North West,199165
C0373,57,Male,Port Harcourt,North East,106217
C0374,53,Female,Ibadan,South East,530141
C0375,50,Male,Owerri,South South,783318
C0376,41,Female,Lagos,South West,245532
C0377,61,Male,Abuja,North West,246561
C0378,21,Female,Port Harcourt,North East,412266
C0379,50,Male,Ibadan,South East,470214
C0380,50,Female,Owerri,South South,724534
C0381,27,Male,Lagos,South West,916775
C0382,32,Female,Abuja,North West,494595
C0383,34,Male,Port Harcourt,North East,707693
C0384,23,Female,Ibadan,South East,401703
C0385,36,Male,Owerri,South South,377870
C0386,33,Female,Lagos,South West,463138
C0387,19,Male,Abuja,North West,790942
C0388,52,Female,Port Harcourt,North East,926076
C0389,50,Male,Ibadan,South East,188959
C0390,38,Female,Owerri,South South,662804
C0391,29,Male,Lagos,South West,690073
C0392,41,Female,Abuja,North West,765351
C0393,64,Male,Port Harcourt,North East,903294
C0394,64,Female,Ibadan,South East,807197
C0395,55,Male,Owerri,South South,150477
C0396,49,Female,Lagos,South West,394892
C0397,49,Male,Abuja,North West,595268
C0398,22,Female,Port Harcourt,North East,314346
C0399,65,Male,Ibadan,South East,901558
C0400,24,Female,Owerri,South South,635167
C0401,30,Male,Lagos,South West,895948
C0402,50,Female,Abuja,North West,574810
C0403,36,Male,Port Harcourt,North East,328546
C0404,50,Female,Ibadan,South East,979928
C0405,30,Male,Owerri,South South,514751
C0406,29,Female,Lagos,South West,851896
C0407,54,Male,Abuja,North West,793838
C0408,61,Female,Port Harcourt,North East,334564
C0409,39,Male,Ibadan,South East,751930
C0410,19,Female,Owerri,South South,587036
C0411,33,Male,Lagos,South West,278787
C0412,57,Female,Abuja,North West,610917
C0413,22,Male,Port Harcourt,North East,880641
C0414,24,Female,Ibadan,South East,472545
C0415,53,Male,Owerri,South South,424080
C0416,52,Female,Lagos,South West,809666
C0417,61,Male,Abuja,North West,534439
C0418,41,Female,Port Harcourt,North East,282221
C0419,19,Male,Ibadan,South East,986909
C0420,53,Female,Owerri,South South,752047
C0421,50,Male,Lagos,South West,421957
C0422,49,Female,Abuja,North West,468789
C0423,54,Male,Port Harcourt,North East,606005
C0424,49,Female,Ibadan,South East,567198
C0425,31,Male,Owerri,South South,998190
C0426,38,Female,Lagos,South West,252861
C0427,58,Male,Abuja,North West,753759
C0428,34,Female,Port Harcourt,North East,371188
C0429,48,Male,Ibadan,South East,691504
C0430,40,Female,Owerri,South South,553120
C0431,51,Male,Lagos,South West,248207
C0432,59,Female,Abuja,North West,531594
C0433,58,Male,Port Harcourt,North East,219330
C0434,48,Female,Ibadan,South East,695879
C0435,20,Male,Owerri,South South,383434
C0436,63,Female,Lagos,South West,419340
C0437,38,Male,Abuja,North West,840660
C0438,65,Female,Port Harcourt,North East,848220
C0439,63,Male,Ibadan,South East,692120
C0440,26,Female,Owerri,South South,292560
C0441,45,Male,Lagos,South West,942755
C0442,26,Female,Abuja,North West,654760
C0443,40,Male,Port Harcourt,North East,662858
C0444,59,Female,Ibadan,South East,336698
C0445,44,Male,Owerri,South South,729474
C0446,51,Female,Lagos,South West,529750
C0447,54,Male,Abuja,North West,601769
C0448,31,Female,Port Harcourt,North East,770884
C0449,35,Male,Ibadan,South East,568741
C0450,39,Female,Owerri,South South,990303
C0451,50,Male,Lagos,South West,644823
C0452,23,Female,Abuja,North West,895912
C0453,51,Male,Port Harcourt,North East,590418
C0454,63,Female,Ibadan,South East,422510
C0455,54,Male,Owerri,South South,890919
C0456,39,Female,Lagos,South West,825117
C0457,22,Male,Abuja,North West,525184
C0458,44,Female,Port Harcourt,North East,893634
C0459,43,Male,Ibadan,South East,661753
C0460,49,Female,Owerri,South South,573305
C0461,62,Male,Lagos,South West,282197
C0462,60,Female,Abuja,North West,795020
C0463,42,Male,Port Harcourt,North East,850557
C0464,64,Female,Ibadan,South East,259140
C0465,21,Male,Owerri,South South,752966
C0466,42,Female,Lagos,South West,355151
C0467,58,Male,Abuja,North West,666264
C0468,52,Female,Port Harcourt,North East,167443
C0469,46,Male,Ibadan,South East,823512
C0470,49,Female,Owerri,South South,980645
C0471,29,Male,Lagos,South West,520049
C0472,54,Female,Abuja,North West,426597
C0473,51,Male,Port Harcourt,North East,980001
C0474,64,Female,Ibadan,South East,297641
C0475,52,Male,Owerri,South South,199143
C0476,26,Female,Lagos,South West,308540
C0477,62,Male,Abuja,North West,113117
C0478,23,Female,Port Harcourt,North East,836808
C0479,60,Male,Ibadan,South East,828637
C0480,27,Female,Owerri,South South,682280
C0481,52,Male,Lagos,South West,946032
C0482,22,Female,Abuja,North West,134855
C0483,51,Male,Port Harcourt,North East,138078
C0484,52,Female,Ibadan,South East,749524
C0485,59,Male,Owerri,South South,711640
C0486,34,Female,Lagos,South West,174879
C0487,24,Male,Abuja,North West,187481
C0488,21,Female,Port Harcourt,North East,110058
C0489,27,Male,Ibadan,South East,835070
C0490,50,Female,Owerri,South South,422903
C0491,37,Male,Lagos,South West,573793
C0492,24,Female,Abuja,North West,558867
C0493,47,Male,Port Harcourt,North East,393514
C0494,43,Female,Ibadan,South East,387891
C0495,41,Male,Owerri,South South,845182
C0496,27,Female,Lagos,South West,864974
C0497,62,Male,Abuja,North West,219440
C0498,38,Female,Port Harcourt,North East,789819
C0499,64,Male,Ibadan,South East,604108
C0500,54,Female,Owerri,South South,898985
C0501,25,Male,Lagos,South West,955647
C0502,19,Female,Abuja,North West,198896
C0503,42,Male,Port Harcourt,North East,183203
C0504,26,Female,Ibadan,South East,569819
C0505,54,Male,Owerri,South South,833312
C0506,51,Female,Lagos,South West,700497
C0507,30,Male,Abuja,North West,414175
C0508,23,Female,Port Harcourt,North East,509263
C0509,41,Male,Ibadan,South East,166317
C0510,34,Female,Owerri,South South,868021
C0511,30,Male,Lagos,South West,273759
C0512,42,Female,Abuja,North West,824778
C0513,18,Male,Port Harcourt,North East,802488
C0514,23,Female,Ibadan,South East,621646
C0515,43,Male,Owerri,South South,381895
C0516,32,Female,Lagos,South West,185792
C0517,36,Male,Abuja,North West,237365
C0518,20,Female,Port Harcourt,North East,835918
C0519,36,Male,Ibadan,South East,825169
C0520,59,Female,Owerri,South South,875975
C0521,44,Male,Lagos,South West,270470
C0522,63,Female,Abuja,North West,694010
C0523,58,Male,Port Harcourt,North East,330213
C0524,61,Female,Ibadan,South East,511304
C0525,62,Male,Owerri,South South,110336
C0526,36,Female,Lagos,South West,241734
C0527,52,Male,Abuja,North West,730331
C0528,41,Female,Port Harcourt,North East,221570
C0529,46,Male,Ibadan,South East,567931
C0530,41,Female,Owerri,South South,957138
C0531,28,Male,Lagos,South West,695474
C0532,55,Female,Abuja,North West,348953
C0533,46,Male,Port Harcourt,North East,305360
C0534,41,Female,Ibadan,South East,246265
C0535,64,Male,Owerri,South South,962771
C0536,46,Female,Lagos,South West,342145
C0537,55,Male,Abuja,North West,798933
C0538,37,Female,Port Harcourt,North East,458509
C0539,20,Male,Ibadan,South East,879176
C0540,55,Female,Owerri,South South,515122
C0541,58,Male,Lagos,South West,251513
C0542,56,Female,Abuja,North West,199287
C0543,35,Male,Port Harcourt,North East,427309
C0544,54,Female,Ibadan,South East,127745
C0545,21,Male,Owerri,South South,272909
C0546,57,Female,Lagos,South West,296169
C0547,48,Male,Abuja,North West,394682
C0548,35,Female,Port Harcourt,North East,527784
C0549,30,Male,Ibadan,South East,515139
C0550,28,Female,Owerri,South South,652910
C0551,32,Male,Lagos,South West,995544
C0552,19,Female,Abuja,North West,436953
C0553,34,Male,Port Harcourt,North East,758471
C0554,58,Female,Ibadan,South East,117135
C0555,57,Male,Owerri,South South,325792
C0556,27,Female,Lagos,South West,132970
C0557,44,Male,Abuja,North West,372850
C0558,38,Female,Port Harcourt,North East,531869
C0559,31,Male,Ibadan,South East,572603
C0560,44,Female,Owerri,South South,601991
C0561,56,Male,Lagos,South West,759980
C0562,31,Female,Abuja,North West,266317
C0563,26,Male,Port Harcourt,North East,170228
C0564,56,Female,Ibadan,South East,566386
C0565,65,Male,Owerri,South South,475670
C0566,28,Female,Lagos,South West,700089
C0567,36,Male,Abuja,North West,386287
C0568,54,Female,Port Harcourt,North East,138036
C0569,18,Male,Ibadan,South East,313322
C0570,27,Female,Owerri,South South,185776
C0571,40,Male,Lagos,South West,285534
C0572,24,Female,Abuja,North West,351062
C0573,61,Male,Port Harcourt,North East,626331
C0574,58,Female,Ibadan,South East,545155
C0575,20,Male,Owerri,South South,258548
C0576,48,Female,Lagos,South West,341722
C0577,21,Male,Abuja,North West,861481
C0578,35,Female,Port Harcourt,North East,487482
C0579,49,Male,Ibadan,South East,986270
C0580,41,Female,Owerri,South South,655683
C0581,32,Male,Lagos,South West,286319
C0582,48,Female,Abuja,North West,706296
C0583,44,Male,Port Harcourt,North East,814851
C0584,47,Female,Ibadan,South East,672791
C0585,41,Male,Owerri,South South,568323
C0586,43,Female,Lagos,South West,383503
C0587,21,Male,Abuja,North West,779524
C0588,53,Female,Port Harcourt,North East,167104
C0589,22,Male,Ibadan,South East,517760
C0590,39,Female,Owerri,South South,276899
C0591,44,Male,Lagos,South West,910976
C0592,35,Female,Abuja,North West,344556
C0593,23,Male,Port Harcourt,North East,689988
C0594,50,Female,Ibadan,South East,221531
C0595,44,Male,Owerri,South South,851684
C0596,59,Female,Lagos,South West,967994
C0597,24,Male,Abuja,North West,802962
C0598,40,Female,Port Harcourt,North East,730935
C0599,23,Male,Ibadan,South East,861489
C0600,39,Female,Owerri,South South,749725
C0601,47,Male,Lagos,South West,122102
C0602,40,Female,Abuja,North West,442346
C0603,35,Male,Port Harcourt,North East,819301
C0604,29,Female,Ibadan,South East,431300
C0605,64,Male,Owerri,South South,294525
C0606,40,Female,Lagos,South West,944424
C0607,38,Male,Abuja,North West,312402
C0608,31,Female,Port Harcourt,North East,450326
C0609,48,Male,Ibadan,South East,317225
C0610,30,Female,Owerri,South South,797723
C0611,47,Male,Lagos,South West,145943
C0612,54,Female,Abuja,North West,121968
C0613,53,Male,Port Harcourt,North East,992874
C0614,51,Female,Ibadan,South East,488270
C0615,34,Male,Owerri,South South,905328
C0616,50,Female,Lagos,South West,755803
C0617,28,Male,Abuja,North West,947858
C0618,27,Female,Port Harcourt,North East,879387
C0619,21,Male,Ibadan,South East,802570
C0620,48,Female,Owerri,South South,375704
C0621,22,Male,Lagos,South West,463575
C0622,35,Female,Abuja,North West,172118
C0623,45,Male,Port Harcourt,North East,846035
C0624,65,Female,Ibadan,South East,251284
C0625,28,Male,Owerri,South South,856510
C0626,58,Female,Lagos,South West,795709
C0627,56,Male,Abuja,North West,939173
C0628,57,Female,Port Harcourt,North East,553228
C0629,53,Male,Ibadan,South East,578944
C0630,45,Female,Owerri,South South,240264
C0631,58,Male,Lagos,South West,257766
C0632,33,Female,Abuja,North West,507636
C0633,58,Male,Port Harcourt,North East,126200
C0634,31,Female,Ibadan,South East,520050
C0635,62,Male,Owerri,South South,208382
C0636,53,Female,Lagos,South West,537018
C0637,49,Male,Abuja,North West,872403
C0638,19,Female,Port Harcourt,North East,854232
C0639,37,Male,Ibadan,South East,273679
C0640,38,Female,Owerri,South South,294217
C0641,34,Male,Lagos,South West,393302
C0642,22,Female,Abuja,North West,308244
C0643,26,Male,Port Harcourt,North East,935056
C0644,35,Female,Ibadan,South East,420686
C0645,31,Male,Owerri,South South,249539
C0646,55,Female,Lagos,South West,424877
C0647,63,Male,Abuja,North West,867453
C0648,56,Female,Port Harcourt,North East,611517
C0649,37,Male,Ibadan,South East,164082
C0650,56,Female,Owerri,South South,275634
C0651,22,Male,Lagos,South West,837844
C0652,48,Female,Abuja,North West,281304
C0653,38,Male,Port Harcourt,North East,180981
C0654,38,Female,Ibadan,South East,477719
C0655,25,Male,Owerri,South South,219690
C0656,36,Female,Lagos,South West,347848
C0657,60,Male,Abuja,North West,823179
C0658,21,Female,Port Harcourt,North East,981800
C0659,54,Male,Ibadan,South East,749800
C0660,39,Female,Owerri,South South,832816
C0661,60,Male,Lagos,South West,331692
C0662,45,Female,Abuja,North West,897432
C0663,46,Male,Port Harcourt,North East,682683
C0664,52,Female,Ibadan,South East,557875
C0665,48,Male,Owerri,South South,984341
C0666,19,Female,Lagos,South West,126786
C0667,60,Male,Abuja,North West,916527
C0668,20,Female,Port Harcourt,North East,589974
C0669,53,Male,Ibadan,South East,945951
C0670,49,Female,Owerri,South South,903017
C0671,24,Male,Lagos,South West,193689
C0672,60,Female,Abuja,North West,272390
C0673,30,Male,Port Harcourt,North East,710964
C0674,46,Female,Ibadan,South East,825357
C0675,55,Male,Owerri,South South,528650
C0676,51,Female,Lagos,South West,846714
C0677,45,Male,Abuja,North West,843991
C0678,41,Female,Port Harcourt,North East,665454
C0679,43,Male,Ibadan,South East,118713
C0680,37,Female,Owerri,South South,916302
C0681,29,Male,Lagos,South West,218191
C0682,33,Female,Abuja,North West,756231
C0683,21,Male,Port Harcourt,North East,648546
C0684,37,Female,Ibadan,South East,293285
C0685,57,Male,Owerri,South South,612542
C0686,38,Female,Lagos,South West,591671
C0687,37,Male,Abuja,North West,543019
C0688,42,Female,Port Harcourt,North East,226989
C0689,42,Male,Ibadan,South East,709089
C0690,48,Female,Owerri,South South,307691
C0691,51,Male,Lagos,South West,122465
C0692,23,Female,Abuja,North West,899219
C0693,42,Male,Port Harcourt,North East,323755
C0694,57,Female,Ibadan,South East,722676
C0695,33,Male,Owerri,South South,674989
C0696,23,Female,Lagos,South West,593333
C0697,22,Male,Abuja,North West,444655
C0698,46,Female,Port Harcourt,North East,588488
C0699,52,Male,Ibadan,South East,483661
C0700,39,Female,Owerri,South South,558469
C0701,40,Male,Lagos,South West,517314
C0702,28,Female,Abuja,North West,128854
C0703,31,Male,Port Harcourt,North East,886721
C0704,61,Female,Ibadan,South East,396279
C0705,43,Male,Owerri,South South,845207
C0706,59,Female,Lagos,South West,314889
C0707,44,Male,Abuja,North West,145552
C0708,27,Female,Port Harcourt,North East,880544
C0709,41,Male,Ibadan,South East,384137
C0710,41,Female,Owerri,South South,771991
C0711,58,Male,Lagos,South West,441521
C0712,20,Female,Abuja,North West,735856
C0713,62,Male,Port Harcourt,North East,931754
C0714,52,Female,Ibadan,South East,942685
C0715,35,Male,Owerri,South South,800463
C0716,53,Female,Lagos,South West,516437
C0717,41,Male,Abuja,North West,993598
C0718,58,Female,Port Harcourt,North East,182095
C0719,61,Male,Ibadan,South East,152036
C0720,58,Female,Owerri,South South,332836
C0721,58,Male,Lagos,South West,380483
C0722,53,Female,Abuja,North West,733573
C0723,33,Male,Port Harcourt,North East,338962
C0724,38,Female,Ibadan,South East,626068
C0725,62,Male,Owerri,South South,363732
C0726,25,Female,Lagos,South West,897208
C0727,49,Male,Abuja,North West,301248
C0728,49,Female,Port Harcourt,North East,228240
C0729,18,Male,Ibadan,South East,113186
C0730,27,Female,Owerri,South South,276133
C0731,24,Male,Lagos,South West,672704
C0732,49,Female,Abuja,North West,718007
C0733,51,Male,Port Harcourt,North East,980542
C0734,58,Female,Ibadan,South East,648530
C0735,33,Male,Owerri,South South,653546
C0736,61,Female,Lagos,South West,500018
C0737,51,Male,Abuja,North West,995535
C0738,57,Female,Port Harcourt,North East,116956
C0739,21,Male,Ibadan,South East,780208
C0740,57,Female,Owerri,South South,914445
C0741,61,Male,Lagos,South West,953091
C0742,59,Female,Abuja,North West,266607
C0743,39,Male,Port Harcourt,North East,607034
C0744,47,Female,Ibadan,South East,948195
C0745,58,Male,Owerri,South South,454611
C0746,28,Female,Lagos,South West,858419
C0747,24,Male,Abuja,North West,268828
C0748,47,Female,Port Harcourt,North East,765130
C0749,50,Male,Ibadan,South East,846062
C0750,49,Female,Owerri,South South,468627
C0751,19,Male,Lagos,South West,308422
C0752,48,Female,Abuja,North West,798547
C0753,43,Male,Port Harcourt,North East,987072
C0754,39,Female,Ibadan,South East,527518
C0755,23,Male,Owerri,South South,728202
C0756,51,Female,Lagos,South West,388556
C0757,42,Male,Abuja,North West,885999
C0758,64,Female,Port Harcourt,North East,563153
C0759,59,Male,Ibadan,South East,806603
C0760,38,Female,Owerri,South South,794639
C0761,33,Male,Lagos,South West,482669
C0762,18,Female,Abuja,North West,676529
C0763,56,Male,Port Harcourt,North East,917809
C0764,22,Female,Ibadan,South East,280074
C0765,54,Male,Owerri,South South,778297
C0766,36,Female,Lagos,South West,619245
C0767,62,Male,Abuja,North West,334613
C0768,38,Female,Port Harcourt,North East,436331
C0769,25,Male,Ibadan,South East,168642
C0770,31,Female,Owerri,South South,694954
C0771,47,Male,Lagos,South West,377777
C0772,47,Female,Abuja,North West,112285
C0773,19,Male,Port Harcourt,North East,553277
C0774,44,Female,Ibadan,South East,901052
C0775,31,Male,Owerri,South South,142541
C0776,33,Female,Lagos,South West,593134
C0777,38,Male,Abuja,North West,894893
C0778,45,Female,Port Harcourt,North East,410664
C0779,52,Male,Ibadan,South East,242964
C0780,26,Female,Owerri,South South,367000
C0781,56,Male,Lagos,South West,894863
C0782,65,Female,Abuja,North West,998044
C0783,38,Male,Port Harcourt,North East,720917
C0784,31,Female,Ibadan,South East,661117
C0785,41,Male,Owerri,South South,302812
C0786,57,Female,Lagos,South West,589701
C0787,45,Male,Abuja,North West,422393
C0788,44,Female,Port Harcourt,North East,795364
C0789,47,Male,Ibadan,South East,406731
C0790,41,Female,Owerri,South South,809680
C0791,22,Male,Lagos,South West,237736
C0792,24,Female,Abuja,North West,270329
C0793,50,Male,Port Harcourt,North East,478487
C0794,25,Female,Ibadan,South East,781865
C0795,58,Male,Owerri,South South,397150
C0796,25,Female,Lagos,South West,727776
C0797,49,Male,Abuja,North West,551671
C0798,36,Female,Port Harcourt,North East,434011
C0799,35,Male,Ibadan,South East,736609
C0800,48,Female,Owerri,South South,756469
C0801,31,Male,Lagos,South West,385210
C0802,25,Female,Abuja,North West,529024
C0803,30,Male,Port Harcourt,North East,490335
C0804,46,Female,Ibadan,South East,900348
C0805,27,Male,Owerri,South South,671557
C0806,55,Female,Lagos,South West,878301
C0807,28,Male,Abuja,North West,324634
C0808,62,Female,Port Harcourt,North East,404474
C0809,62,Male,Ibadan,South East,656062
C0810,52,Female,Owerri,South South,933011
C0811,40,Male,Lagos,South West,734373
C0812,35,Female,Abuja,North West,966121
C0813,19,Male,Port Harcourt,North East,292289
C0814,40,Female,Ibadan,South East,187930
C0815,51,Male,Owerri,South South,966308
C0816,20,Female,Lagos,South West,267454
C0817,44,Male,Abuja,North West,113690
C0818,53,Female,Port Harcourt,North East,553448
C0819,50,Male,Ibadan,South East,344971
C0820,46,Female,Owerri,South South,945677
C0821,38,Male,Lagos,South West,378701
C0822,42,Female,Abuja,North West,261872
C0823,28,Male,Port Harcourt,North East,183443
C0824,20,Female,Ibadan,South East,860301
C0825,29,Male,Owerri,South South,398897
C0826,57,Female,Lagos,South West,121727
C0827,36,Male,Abuja,North West,745997
C0828,31,Female,Port Harcourt,North East,992222
C0829,39,Male,Ibadan,South East,842909
C0830,41,Female,Owerri,South South,237619
C0831,49,Male,Lagos,South West,773846
C0832,37,Female,Abuja,North West,435174
C0833,55,Male,Port Harcourt,North East,608032
C0834,28,Female,Ibadan,South East,113389
C0835,34,Male,Owerri,South South,177426
C0836,60,Female,Lagos,South West,557133
C0837,56,Male,Abuja,North West,356315
C0838,34,Female,Port Harcourt,North East,223443
C0839,38,Male,Ibadan,South East,836532
C0840,31,Female,Owerri,South South,432637
C0841,59,Male,Lagos,South West,235112
C0842,18,Female,Abuja,North West,980005
C0843,47,Male,Port Harcourt,North East,564875
C0844,27,Female,Ibadan,South East,909091
C0845,58,Male,Owerri,South South,427020
C0846,29,Female,Lagos,South West,626597
C0847,47,Male,Abuja,North West,653067
C0848,65,Female,Port Harcourt,North East,794178
C0849,29,Male,Ibadan,South East,952739
C0850,26,Female,Owerri,South South,397276
C0851,33,Male,Lagos,South West,437780
C0852,46,Female,Abuja,North West,149595
C0853,44,Male,Port Harcourt,North East,680965
C0854,49,Female,Ibadan,South East,638529
C0855,39,Male,Owerri,South South,445492
C0856,38,Female,Lagos,South West,662162
C0857,21,Male,Abuja,North West,994075
C0858,63,Female,Port Harcourt,North East,113858
C0859,31,Male,Ibadan,South East,554273
C0860,36,Female,Owerri,South South,688658
C0861,39,Male,Lagos,South West,715865
C0862,61,Female,Abuja,North West,248626
C0863,44,Male,Port Harcourt,North East,187660
C0864,62,Female,Ibadan,South East,765028
C0865,34,Male,Owerri,South South,359588
C0866,24,Female,Lagos,South West,355514
C0867,30,Male,Abuja,North West,635583
C0868,55,Female,Port Harcourt,North East,468325
C0869,47,Male,Ibadan,South East,294198
C0870,23,Female,Owerri,South South,427275
C0871,33,Male,Lagos,South West,123611
C0872,24,Female,Abuja,North West,780839
C0873,51,Male,Port Harcourt,North East,291322
C0874,55,Female,Ibadan,South East,916741
C0875,38,Male,Owerri,South South,263606
C0876,46,Female,Lagos,South West,843628
C0877,36,Male,Abuja,North West,168422
C0878,47,Female,Port Harcourt,North East,900956
C0879,61,Male,Ibadan,South East,401398
C0880,63,Female,Owerri,South South,468251
C0881,26,Male,Lagos,South West,911543
C0882,57,Female,Abuja,North West,987928
C0883,53,Male,Port Harcourt,North East,930780
C0884,62,Female,Ibadan,South East,876088
C0885,49,Male,Owerri,South South,467322
C0886,41,Female,Lagos,South West,143211
C0887,18,Male,Abuja,North West,155022
C0888,35,Female,Port Harcourt,North East,973368
C0889,25,Male,Ibadan,South East,837831
C0890,29,Female,Owerri,South South,936643
C0891,65,Male,Lagos,South West,387495
C0892,27,Female,Abuja,North West,542077
C0893,38,Male,Port Harcourt,North East,883183
C0894,44,Female,Ibadan,South East,505678
C0895,46,Male,Owerri,South South,593385
C0896,35,Female,Lagos,South West,324484
C0897,65,Male,Abuja,North West,532289
C0898,20,Female,Port Harcourt,North East,244726
C0899,28,Male,Ibadan,South East,195844
C0900,56,Female,Owerri,South South,920858
C0901,43,Male,Lagos,South West,347995
C0902,23,Female,Abuja,North West,540054
C0903,49,Male,Port Harcourt,North East,329260
C0904,44,Female,Ibadan,South East,300849
C0905,64,Male,Owerri,South South,179086
C0906,46,Female,Lagos,South West,159029
C0907,48,Male,Abuja,North West,919294
C0908,43,Female,Port Harcourt,North East,977891
C0909,18,Male,Ibadan,South East,492836
C0910,19,Female,Owerri,South South,257596
C0911,63,Male,Lagos,South West,425984
C0912,44,Female,Abuja,North West,445515
C0913,57,Male,Port Harcourt,North East,424157
C0914,62,Female,Ibadan,South East,803137
C0915,55,Male,Owerri,South South,469679
C0916,43,Female,Lagos,South West,156234
C0917,32,Male,Abuja,North West,403069
C0918,43,Female,Port Harcourt,North East,874448
C0919,28,Male,Ibadan,South East,335537
C0920,47,Female,Owerri,South South,805131
C0921,26,Male,Lagos,South West,470508
C0922,35,Female,Abuja,North West,904493
C0923,39,Male,Port Harcourt,North East,539221
C0924,24,Female,Ibadan,South East,842059
C0925,65,Male,Owerri,South South,239992
C0926,23,Female,Lagos,South West,445276
C0927,21,Male,Abuja,North West,477162
C0928,34,Female,Port Harcourt,North East,344825
C0929,43,Male,Ibadan,South East,668248
C0930,60,Female,Owerri,South South,891047
C0931,22,Male,Lagos,South West,117961
C0932,59,Female,Abuja,North West,210573
C0933,46,Male,Port Harcourt,North East,108862
C0934,39,Female,Ibadan,South East,359307
C0935,41,Male,Owerri,South South,251347
C0936,42,Female,Lagos,South West,616870
C0937,20,Male,Abuja,North West,415885
C0938,29,Female,Port Harcourt,North East,907207
C0939,38,Male,Ibadan,South East,722041
C0940,58,Female,Owerri,South South,526516
C0941,56,Male,Lagos,South West,260708
C0942,36,Female,Abuja,North West,418848
C0943,21,Male,Port Harcourt,North East,291983
C0944,41,Female,Ibadan,South East,633249
C0945,18,Male,Owerri,South South,161516
C0946,30,Female,Lagos,South West,495575
C0947,21,Male,Abuja,North West,361006
C0948,52,Female,Port Harcourt,North East,526894
C0949,35,Male,Ibadan,South East,390224
C0950,37,Female,Owerri,South South,831468
C0951,47,Male,Lagos,South West,125338
C0952,20,Female,Abuja,North West,374821
C0953,62,Male,Port Harcourt,North East,946110
C0954,27,Female,Ibadan,South East,570918
C0955,56,Male,Owerri,South South,808214
C0956,52,Female,Lagos,South West,322838
C0957,24,Male,Abuja,North West,257973
C0958,60,Female,Port Harcourt,North East,813691
C0959,60,Male,Ibadan,South East,844136
C0960,47,Female,Owerri,South South,277750
C0961,43,Male,Lagos,South West,481523
C0962,64,Female,Abuja,North West,655812
C0963,35,Male,Port Harcourt,North East,587336
C0964,22,Female,Ibadan,South East,140788
C0965,42,Male,Owerri,South South,386825
C0966,27,Female,Lagos,South West,331254
C0967,37,Male,Abuja,North West,337357
C0968,54,Female,Port Harcourt,North East,470335
C0969,43,Male,Ibadan,South East,211927
C0970,31,Female,Owerri,South South,292158
C0971,27,Male,Lagos,South West,123761
C0972,60,Female,Abuja,North West,302823
C0973,57,Male,Port Harcourt,North East,526254
C0974,29,Female,Ibadan,South East,274241
C0975,35,Male,Owerri,South South,288579
C0976,33,Female,Lagos,South West,409237
C0977,22,Male,Abuja,North West,271811
C0978,39,Female,Port Harcourt,North East,237621
C0979,62,Male,Ibadan,South East,108265
C0980,47,Female,Owerri,South South,803040
C0981,45,Male,Lagos,South West,656269
C0982,37,Female,Abuja,North West,505418
C0983,42,Male,Port Harcourt,North East,726577
C0984,34,Female,Ibadan,South East,211937
C0985,65,Male,Owerri,South South,846074
C0986,46,Female,Lagos,South West,318517
C0987,51,Male,Abuja,North West,135924
C0988,21,Female,Port Harcourt,North East,344943
C0989,47,Male,Ibadan,South East,973248
C0990,46,Female,Owerri,South South,165589
C0991,26,Male,Lagos,South West,776942
C0992,38,Female,Abuja,North West,484915
C0993,50,Male,Port Harcourt,North East,601051
C0994,22,Female,Ibadan,South East,939314
C0995,21,Male,Owerri,South South,983684
C0996,27,Female,Lagos,South West,808038
C0997,22,Male,Abuja,North West,103546
C0998,61,Female,Port Harcourt,North East,775397
C0999,48,Male,Ibadan,South East,652259
C1000,55,Female,Owerri,South South,523312
